[
  {"Language": "Acehnese (Arabic script)", "FLORES-200 code": "ace_Arab"},
  {"Language": "Acehnese (Latin script)", "FLORES-200 code": "ace_Latn"},
  {"Language": "Mesopotamian Arabic", "FLORES-200 code": "acm_Arab"},
  {"Language": "Ta’izzi-Adeni Arabic", "FLORES-200 code": "acq_Arab"},
  {"Language": "Tunisian Arabic", "FLORES-200 code": "aeb_Arab"},
  {"Language": "Afrikaans", "FLORES-200 code": "afr_Latn"},
  {"Language": "South Levantine Arabic", "FLORES-200 code": "ajp_Arab"},
  {"Language": "Akan", "FLORES-200 code": "aka_Latn"},
  {"Language": "Amharic", "FLORES-200 code": "amh_Ethi"},
  {"Language": "North Levantine Arabic", "FLORES-200 code": "apc_Arab"},
  {"Language": "Modern Standard Arabic", "FLORES-200 code": "arb_Arab"},
  {"Language": "Modern Standard Arabic (Romanized)", "FLORES-200 code": "arb_Latn"},
  {"Language": "Najdi Arabic", "FLORES-200 code": "ars_Arab"},
  {"Language": "Moroccan Arabic", "FLORES-200 code": "ary_Arab"},
  {"Language": "Egyptian Arabic", "FLORES-200 code": "arz_Arab"},
  {"Language": "Assamese", "FLORES-200 code": "asm_Beng"},
  {"Language": "Asturian", "FLORES-200 code": "ast_Latn"},
  {"Language": "Awadhi", "FLORES-200 code": "awa_Deva"},
  {"Language": "Central Aymara", "FLORES-200 code": "ayr_Latn"},
  {"Language": "South Azerbaijani", "FLORES-200 code": "azb_Arab"},
  {"Language": "North Azerbaijani", "FLORES-200 code": "azj_Latn"},
  {"Language": "Bashkir", "FLORES-200 code": "bak_Cyrl"},
  {"Language": "Bambara", "FLORES-200 code": "bam_Latn"},
  {"Language": "Balinese", "FLORES-200 code": "ban_Latn"},
  {"Language": "Belarusian", "FLORES-200 code": "bel_Cyrl"},
  {"Language": "Bemba", "FLORES-200 code": "bem_Latn"},
  {"Language": "Bengali", "FLORES-200 code": "ben_Beng"},
  {"Language": "Bhojpuri", "FLORES-200 code": "bho_Deva"},
  {"Language": "Banjar (Arabic script)", "FLORES-200 code": "bjn_Arab"},
  {"Language": "Banjar (Latin script)", "FLORES-200 code": "bjn_Latn"},
  {"Language": "Standard Tibetan", "FLORES-200 code": "bod_Tibt"},
  {"Language": "Bosnian", "FLORES-200 code": "bos_Latn"},
  {"Language": "Buginese", "FLORES-200 code": "bug_Latn"},
  {"Language": "Bulgarian", "FLORES-200 code": "bul_Cyrl"},
  {"Language": "Catalan", "FLORES-200 code": "cat_Latn"},
  {"Language": "Cebuano", "FLORES-200 code": "ceb_Latn"},
  {"Language": "Czech", "FLORES-200 code": "ces_Latn"},
  {"Language": "Chokwe", "FLORES-200 code": "cjk_Latn"},
  {"Language": "Central Kurdish", "FLORES-200 code": "ckb_Arab"},
  {"Language": "Crimean Tatar", "FLORES-200 code": "crh_Latn"},
  {"Language": "Welsh", "FLORES-200 code": "cym_Latn"},
  {"Language": "Danish", "FLORES-200 code": "dan_Latn"},
  {"Language": "German", "FLORES-200 code": "deu_Latn"},
  {"Language": "Southwestern Dinka", "FLORES-200 code": "dik_Latn"},
  {"Language": "Dyula", "FLORES-200 code": "dyu_Latn"},
  {"Language": "Dzongkha", "FLORES-200 code": "dzo_Tibt"},
  {"Language": "Greek", "FLORES-200 code": "ell_Grek"},
  {"Language": "English", "FLORES-200 code": "eng_Latn"},
  {"Language": "Esperanto", "FLORES-200 code": "epo_Latn"},
  {"Language": "Estonian", "FLORES-200 code": "est_Latn"},
  {"Language": "Basque", "FLORES-200 code": "eus_Latn"},
  {"Language": "Ewe", "FLORES-200 code": "ewe_Latn"},
  {"Language": "Faroese", "FLORES-200 code": "fao_Latn"},
  {"Language": "Fijian", "FLORES-200 code": "fij_Latn"},
  {"Language": "Finnish", "FLORES-200 code": "fin_Latn"},
  {"Language": "Fon", "FLORES-200 code": "fon_Latn"},
  {"Language": "French", "FLORES-200 code": "fra_Latn"},
  {"Language": "Friulian", "FLORES-200 code": "fur_Latn"},
  {"Language": "Nigerian Fulfulde", "FLORES-200 code": "fuv_Latn"},
  {"Language": "Scottish Gaelic", "FLORES-200 code": "gla_Latn"},
  {"Language": "Irish", "FLORES-200 code": "gle_Latn"},
  {"Language": "Galician", "FLORES-200 code": "glg_Latn"},
  {"Language": "Guarani", "FLORES-200 code": "grn_Latn"},
  {"Language": "Gujarati", "FLORES-200 code": "guj_Gujr"},
  {"Language": "Haitian Creole", "FLORES-200 code": "hat_Latn"},
  {"Language": "Hausa", "FLORES-200 code": "hau_Latn"},
  {"Language": "Hebrew", "FLORES-200 code": "heb_Hebr"},
  {"Language": "Hindi", "FLORES-200 code": "hin_Deva"},
  {"Language": "Chhattisgarhi", "FLORES-200 code": "hne_Deva"},
  {"Language": "Croatian", "FLORES-200 code": "hrv_Latn"},
  {"Language": "Hungarian", "FLORES-200 code": "hun_Latn"},
  {"Language": "Armenian", "FLORES-200 code": "hye_Armn"},
  {"Language": "Igbo", "FLORES-200 code": "ibo_Latn"},
  {"Language": "Ilocano", "FLORES-200 code": "ilo_Latn"},
  {"Language": "Indonesian", "FLORES-200 code": "ind_Latn"},
  {"Language": "Icelandic", "FLORES-200 code": "isl_Latn"},
  {"Language": "Italian", "FLORES-200 code": "ita_Latn"},
  {"Language": "Javanese", "FLORES-200 code": "jav_Latn"},
  {"Language": "Japanese", "FLORES-200 code": "jpn_Jpan"},
  {"Language": "Kabyle", "FLORES-200 code": "kab_Latn"},
  {"Language": "Jingpho", "FLORES-200 code": "kac_Latn"},
  {"Language": "Kamba", "FLORES-200 code": "kam_Latn"},
  {"Language": "Kannada", "FLORES-200 code": "kan_Knda"},
  {"Language": "Kashmiri (Arabic script)", "FLORES-200 code": "kas_Arab"},
  {"Language": "Kashmiri (Devanagari script)", "FLORES-200 code": "kas_Deva"},
  {"Language": "Georgian", "FLORES-200 code": "kat_Geor"},
  {"Language": "Central Kanuri (Arabic script)", "FLORES-200 code": "knc_Arab"},
  {"Language": "Central Kanuri (Latin script)", "FLORES-200 code": "knc_Latn"},
  {"Language": "Kazakh", "FLORES-200 code": "kaz_Cyrl"},
  {"Language": "Kabiyè", "FLORES-200 code": "kbp_Latn"},
  {"Language": "Kabuverdianu", "FLORES-200 code": "kea_Latn"},
  {"Language": "Khmer", "FLORES-200 code": "khm_Khmr"},
  {"Language": "Kikuyu", "FLORES-200 code": "kik_Latn"},
  {"Language": "Kinyarwanda", "FLORES-200 code": "kin_Latn"},
  {"Language": "Kyrgyz", "FLORES-200 code": "kir_Cyrl"},
  {"Language": "Kimbundu", "FLORES-200 code": "kmb_Latn"},
  {"Language": "Northern Kurdish", "FLORES-200 code": "kmr_Latn"},
  {"Language": "Kikongo", "FLORES-200 code": "kon_Latn"},
  {"Language": "Korean", "FLORES-200 code": "kor_Hang"},
  {"Language": "Lao", "FLORES-200 code": "lao_Laoo"},
  {"Language": "Ligurian", "FLORES-200 code": "lij_Latn"},
  {"Language": "Limburgish", "FLORES-200 code": "lim_Latn"},
  {"Language": "Lingala", "FLORES-200 code": "lin_Latn"},
  {"Language": "Lithuanian", "FLORES-200 code": "lit_Latn"},
  {"Language": "Lombard", "FLORES-200 code": "lmo_Latn"},
  {"Language": "Latgalian", "FLORES-200 code": "ltg_Latn"},
  {"Language": "Luxembourgish", "FLORES-200 code": "ltz_Latn"},
  {"Language": "Luba-Kasai", "FLORES-200 code": "lua_Latn"},
  {"Language": "Ganda", "FLORES-200 code": "lug_Latn"},
  {"Language": "Luo", "FLORES-200 code": "luo_Latn"},
  {"Language": "Mizo", "FLORES-200 code": "lus_Latn"},
  {"Language": "Standard Latvian", "FLORES-200 code": "lvs_Latn"},
  {"Language": "Magahi", "FLORES-200 code": "mag_Deva"},
  {"Language": "Maithili", "FLORES-200 code": "mai_Deva"},
  {"Language": "Malayalam", "FLORES-200 code": "mal_Mlym"},
  {"Language": "Marathi", "FLORES-200 code": "mar_Deva"},
  {"Language": "Minangkabau (Arabic script)", "FLORES-200 code": "min_Arab"},
  {"Language": "Minangkabau (Latin script)", "FLORES-200 code": "min_Latn"},
  {"Language": "Macedonian", "FLORES-200 code": "mkd_Cyrl"},
  {"Language": "Plateau Malagasy", "FLORES-200 code": "plt_Latn"},
  {"Language": "Maltese", "FLORES-200 code": "mlt_Latn"},
  {"Language": "Meitei (Bengali script)", "FLORES-200 code": "mni_Beng"},
  {"Language": "Halh Mongolian", "FLORES-200 code": "khk_Cyrl"},
  {"Language": "Mossi", "FLORES-200 code": "mos_Latn"},
  {"Language": "Maori", "FLORES-200 code": "mri_Latn"},
  {"Language": "Burmese", "FLORES-200 code": "mya_Mymr"},
  {"Language": "Dutch", "FLORES-200 code": "nld_Latn"},
  {"Language": "Norwegian Nynorsk", "FLORES-200 code": "nno_Latn"},
  {"Language": "Norwegian Bokmål", "FLORES-200 code": "nob_Latn"},
  {"Language": "Nepali", "FLORES-200 code": "npi_Deva"},
  {"Language": "Northern Sotho", "FLORES-200 code": "nso_Latn"},
  {"Language": "Nuer", "FLORES-200 code": "nus_Latn"},
  {"Language": "Nyanja", "FLORES-200 code": "nya_Latn"},
  {"Language": "Occitan", "FLORES-200 code": "oci_Latn"},
  {"Language": "West Central Oromo", "FLORES-200 code": "gaz_Latn"},
  {"Language": "Odia", "FLORES-200 code": "ory_Orya"},
  {"Language": "Pangasinan", "FLORES-200 code": "pag_Latn"},
  {"Language": "Eastern Panjabi", "FLORES-200 code": "pan_Guru"},
  {"Language": "Papiamento", "FLORES-200 code": "pap_Latn"},
  {"Language": "Western Persian", "FLORES-200 code": "pes_Arab"},
  {"Language": "Polish", "FLORES-200 code": "pol_Latn"},
  {"Language": "Portuguese", "FLORES-200 code": "por_Latn"},
  {"Language": "Dari", "FLORES-200 code": "prs_Arab"},
  {"Language": "Southern Pashto", "FLORES-200 code": "pbt_Arab"},
  {"Language": "Ayacucho Quechua", "FLORES-200 code": "quy_Latn"},
  {"Language": "Romanian", "FLORES-200 code": "ron_Latn"},
  {"Language": "Rundi", "FLORES-200 code": "run_Latn"},
  {"Language": "Russian", "FLORES-200 code": "rus_Cyrl"},
  {"Language": "Sango", "FLORES-200 code": "sag_Latn"},
  {"Language": "Sanskrit", "FLORES-200 code": "san_Deva"},
  {"Language": "Santali", "FLORES-200 code": "sat_Olck"},
  {"Language": "Sicilian", "FLORES-200 code": "scn_Latn"},
  {"Language": "Shan", "FLORES-200 code": "shn_Mymr"},
  {"Language": "Sinhala", "FLORES-200 code": "sin_Sinh"},
  {"Language": "Slovak", "FLORES-200 code": "slk_Latn"},
  {"Language": "Slovenian", "FLORES-200 code": "slv_Latn"},
  {"Language": "Samoan", "FLORES-200 code": "smo_Latn"},
  {"Language": "Shona", "FLORES-200 code": "sna_Latn"},
  {"Language": "Sindhi", "FLORES-200 code": "snd_Arab"},
  {"Language": "Somali", "FLORES-200 code": "som_Latn"},
  {"Language": "Southern Sotho", "FLORES-200 code": "sot_Latn"},
  {"Language": "Spanish", "FLORES-200 code": "spa_Latn"},
  {"Language": "Tosk Albanian", "FLORES-200 code": "als_Latn"},
  {"Language": "Sardinian", "FLORES-200 code": "srd_Latn"},
  {"Language": "Serbian", "FLORES-200 code": "srp_Cyrl"},
  {"Language": "Swati", "FLORES-200 code": "ssw_Latn"},
  {"Language": "Sundanese", "FLORES-200 code": "sun_Latn"},
  {"Language": "Swedish", "FLORES-200 code": "swe_Latn"},
  {"Language": "Swahili", "FLORES-200 code": "swh_Latn"},
  {"Language": "Silesian", "FLORES-200 code": "szl_Latn"},
  {"Language": "Tamil", "FLORES-200 code": "tam_Taml"},
  {"Language": "Tatar", "FLORES-200 code": "tat_Cyrl"},
  {"Language": "Telugu", "FLORES-200 code": "tel_Telu"},
  {"Language": "Tajik", "FLORES-200 code": "tgk_Cyrl"},
  {"Language": "Tagalog", "FLORES-200 code": "tgl_Latn"},
  {"Language": "Thai", "FLORES-200 code": "tha_Thai"},
  {"Language": "Tigrinya", "FLORES-200 code": "tir_Ethi"},
  {"Language": "Tamasheq (Latin script)", "FLORES-200 code": "taq_Latn"},
  {"Language": "Tamasheq (Tifinagh script)", "FLORES-200 code": "taq_Tfng"},
  {"Language": "Tok Pisin", "FLORES-200 code": "tpi_Latn"},
  {"Language": "Tswana", "FLORES-200 code": "tsn_Latn"},
  {"Language": "Tsonga", "FLORES-200 code": "tso_Latn"},
  {"Language": "Turkmen", "FLORES-200 code": "tuk_Latn"},
  {"Language": "Tumbuka", "FLORES-200 code": "tum_Latn"},
  {"Language": "Turkish", "FLORES-200 code": "tur_Latn"},
  {"Language": "Twi", "FLORES-200 code": "twi_Latn"},
  {"Language": "Central Atlas Tamazight", "FLORES-200 code": "tzm_Tfng"},
  {"Language": "Uyghur", "FLORES-200 code": "uig_Arab"},
  {"Language": "Ukrainian", "FLORES-200 code": "ukr_Cyrl"},
  {"Language": "Umbundu", "FLORES-200 code": "umb_Latn"},
  {"Language": "Urdu", "FLORES-200 code": "urd_Arab"},
  {"Language": "Northern Uzbek", "FLORES-200 code": "uzn_Latn"},
  {"Language": "Venetian", "FLORES-200 code": "vec_Latn"},
  {"Language": "Vietnamese", "FLORES-200 code": "vie_Latn"},
  {"Language": "Waray", "FLORES-200 code": "war_Latn"},
  {"Language": "Wolof", "FLORES-200 code": "wol_Latn"},
  {"Language": "Xhosa", "FLORES-200 code": "xho_Latn"},
  {"Language": "Eastern Yiddish", "FLORES-200 code": "ydd_Hebr"},
  {"Language": "Yoruba", "FLORES-200 code": "yor_Latn"},
  {"Language": "Yue Chinese", "FLORES-200 code": "yue_Hant"},
  {"Language": "Chinese (Simplified)", "FLORES-200 code": "zho_Hans"},
  {"Language": "Chinese (Traditional)", "FLORES-200 code": "zho_Hant"},
  {"Language": "Standard Malay", "FLORES-200 code": "zsm_Latn"},
  {"Language": "Zulu", "FLORES-200 code": "zul_Latn"}
]
